phase,count,avg
En route (ENR),5348,11.5290247678018576
Unknown (UNK),4805,3.0599892876272094
Landing (LDG),4162,1.2767665952890792
Approach (APR),2527,14.2018459069020867
Takeoff (TOF),1906,3.4538606403013183
Standing (STD),1536,0.20583832335329341317
Initial climb (ICL),1062,10.5062439961575408
Taxi (TXI),396,1.5128939828080229
Maneuvering (MNV),357,3.2428571428571429
Pushback / towing (PBT),57,0.14545454545454545455