phase,count,avg
En route (ENR),5300,11.6076097560975610
Unknown (UNK),4580,3.0631408526713438
Landing (LDG),4192,1.2814657461497610
Approach (APR),2528,14.1945447252306458
Takeoff (TOF),1906,3.4585427135678392
Standing (STD),1533,0.20599250936329588015
Initial climb (ICL),1060,10.4961464354527938
Taxi (TXI),400,1.4929178470254958
Maneuvering (MNV),359,3.2272727272727273
Pushback / towing (PBT),61,0.13559322033898305085
(),1,0.00000000000000000000